{"loss": [1.8111637830734253, 1.6047533750534058, 1.5331147909164429, 1.4547957181930542, 1.4850454330444336, 1.4806485176086426, 1.4628247022628784, 1.3592709302902222, 1.2512013912200928, 1.2834444046020508, 1.1908918619155884, 1.4251558780670166, 1.9499595165252686, 1.4758844375610352, 1.2923831939697266, 1.4416306018829346, 1.4839798212051392, 1.4470890760421753, 1.607311725616455, 1.5354596376419067, 1.4275964498519897, 1.4584547281265259, 1.4418953657150269, 1.4277124404907227, 1.3704090118408203, 1.3068673610687256, 1.217289686203003, 1.2915546894073486, 1.4136675596237183, 1.3486570119857788], "accuracy": [0.21212121844291687, 0.27272728085517883, 0.3030303120613098, 0.3333333432674408, 0.39393940567970276, 0.39393940567970276, 0.3636363744735718, 0.39393940567970276, 0.42424243688583374, 0.4545454680919647, 0.5454545617103577, 0.4545454680919647, 0.4848484992980957, 0.42424243688583374, 0.4848484992980957, 0.4848484992980957, 0.4545454680919647, 0.39393940567970276, 0.3636363744735718, 0.39393940567970276, 0.39393940567970276, 0.39393940567970276, 0.4848484992980957, 0.4545454680919647, 0.39393940567970276, 0.39393940567970276, 0.3636363744735718, 0.39393940567970276, 0.39393940567970276, 0.39393940567970276], "val_loss": [1.7519546747207642, 1.732657790184021, 1.7515835762023926, 1.7654000520706177, 1.7616562843322754, 1.7429291009902954, 1.6911684274673462, 1.6725378036499023, 1.705431580543518, 1.71894109249115, 1.7812174558639526, 1.98013436794281, 1.7656559944152832, 1.7161659002304077, 1.7604025602340698, 1.7726637125015259, 1.7734596729278564, 1.8414745330810547, 1.8223671913146973, 1.7597655057907104, 1.755121111869812, 1.7482256889343262, 1.7388972043991089, 1.7250757217407227, 1.705063819885254, 1.689298152923584, 1.7958036661148071, 1.9852361679077148, 1.9914429187774658, 1.9266786575317383], "val_accuracy": [0.05882352963089943, 0.23529411852359772, 0.11764705926179886, 0.0, 0.05882352963089943, 0.1764705926179886, 0.23529411852359772, 0.29411765933036804, 0.11764705926179886, 0.29411765933036804, 0.11764705926179886, 0.23529411852359772, 0.23529411852359772, 0.1764705926179886, 0.0, 0.0, 0.05882352963089943, 0.05882352963089943, 0.05882352963089943, 0.05882352963089943, 0.0, 0.0, 0.05882352963089943, 0.11764705926179886, 0.29411765933036804, 0.3529411852359772, 0.3529411852359772, 0.29411765933036804, 0.29411765933036804, 0.3529411852359772]}