{"loss": [2.084869623184204, 1.7369029521942139, 1.751939058303833, 1.6944435834884644, 1.5815098285675049, 1.5251011848449707, 1.4410948753356934, 1.437679409980774, 1.435943365097046, 1.393612265586853, 1.4004600048065186, 1.3356882333755493, 1.4822754859924316, 1.3230547904968262, 1.2971943616867065, 1.2860561609268188, 1.2993865013122559, 1.3562371730804443, 1.2522308826446533, 1.1944888830184937, 1.173135757446289, 1.1698110103607178, 1.112094521522522, 1.0339105129241943, 1.0455710887908936, 0.9574410915374756, 0.8048657774925232, 0.8157565593719482, 0.9018581509590149, 0.7971785664558411, 0.7377838492393494, 0.8202807307243347, 0.7430081367492676, 0.69886314868927, 0.579307496547699, 0.5096792578697205, 0.5833458304405212, 0.5358825325965881, 0.43247583508491516, 0.3843373954296112, 0.38580116629600525, 0.3224489986896515, 0.25994792580604553, 0.23863732814788818, 0.25139015913009644, 0.3757450580596924, 0.18671046197414398, 0.29573333263397217, 0.1278180629014969, 0.21803079545497894, 0.14896729588508606, 0.17947816848754883, 0.08554860949516296, 0.11532929539680481, 0.19199836254119873, 0.18643496930599213, 0.1549960970878601, 0.13666260242462158, 0.15465405583381653, 0.04616474360227585, 0.10214018076658249, 0.1009838879108429, 0.04552857577800751, 0.21386630833148956, 0.19889792799949646, 0.11350996047258377, 0.06603946536779404, 0.09733896702528, 0.05373051017522812, 0.013940991833806038], "accuracy": [0.22058823704719543, 0.23529411852359772, 0.25, 0.22058823704719543, 0.2647058963775635, 0.3235294222831726, 0.36764705181121826, 0.36764705181121826, 0.38235294818878174, 0.3970588147640228, 0.36764705181121826, 0.38235294818878174, 0.4264705777168274, 0.47058823704719543, 0.5, 0.4264705777168274, 0.47058823704719543, 0.4117647111415863, 0.44117647409439087, 0.4852941036224365, 0.5, 0.529411792755127, 0.5147058963775635, 0.6470588445663452, 0.6470588445663452, 0.6911764740943909, 0.6911764740943909, 0.6911764740943909, 0.6617646813392639, 0.6617646813392639, 0.7058823704719543, 0.720588207244873, 0.720588207244873, 0.7647058963775635, 0.7941176295280457, 0.8088235259056091, 0.779411792755127, 0.8235294222831726, 0.8088235259056091, 0.8676470518112183, 0.8676470518112183, 0.8823529481887817, 0.9117646813392639, 0.9264705777168274, 0.8823529481887817, 0.8970588445663452, 0.9411764740943909, 0.9117646813392639, 0.970588207244873, 0.9117646813392639, 0.9558823704719543, 0.9264705777168274, 0.9852941036224365, 0.9558823704719543, 0.9411764740943909, 0.9558823704719543, 0.9411764740943909, 0.9411764740943909, 0.970588207244873, 0.9852941036224365, 0.970588207244873, 0.9411764740943909, 0.9852941036224365, 0.9558823704719543, 0.9558823704719543, 0.9558823704719543, 0.970588207244873, 0.970588207244873, 0.9852941036224365, 1.0], "val_loss": [1.7678722143173218, 1.7821452617645264, 1.7532713413238525, 1.6413370370864868, 1.4824477434158325, 1.3924919366836548, 1.4546148777008057, 1.4348090887069702, 1.4470442533493042, 1.351900339126587, 1.2264907360076904, 1.3541923761367798, 1.3207371234893799, 1.368615746498108, 1.2667549848556519, 1.1905139684677124, 1.1147972345352173, 1.1648789644241333, 1.2316007614135742, 1.2077112197875977, 1.1013931035995483, 1.0855181217193604, 1.1348609924316406, 1.2395042181015015, 1.1450861692428589, 1.0190192461013794, 0.9989635348320007, 1.0842777490615845, 0.9425989389419556, 0.9245914220809937, 1.1608705520629883, 1.0477899312973022, 0.9280223846435547, 0.913077175617218, 1.1632972955703735, 1.070569634437561, 1.2015316486358643, 1.0372360944747925, 0.9699153304100037, 1.0457557439804077, 1.1807597875595093, 1.353379249572754, 1.4038052558898926, 1.4696921110153198, 1.7731047868728638, 1.096237063407898, 0.983529806137085, 1.316177248954773, 1.8557302951812744, 1.5804426670074463, 1.3238009214401245, 1.3976885080337524, 1.750644326210022, 1.8906126022338867, 1.4200457334518433, 1.2992393970489502, 1.3373150825500488, 1.620241403579712, 1.9578557014465332, 2.4135324954986572, 2.3988022804260254, 2.383591413497925, 2.410741090774536, 1.879156470298767, 1.453536033630371, 1.3789727687835693, 1.4564381837844849, 1.5760242938995361, 1.761319875717163, 2.0703039169311523], "val_accuracy": [0.3478260934352875, 0.30434781312942505, 0.30434781312942505, 0.3913043439388275, 0.3913043439388275, 0.3478260934352875, 0.3478260934352875, 0.3913043439388275, 0.43478259444236755, 0.52173912525177, 0.52173912525177, 0.3913043439388275, 0.3913043439388275, 0.3478260934352875, 0.3913043439388275, 0.43478259444236755, 0.52173912525177, 0.3478260934352875, 0.3913043439388275, 0.43478259444236755, 0.52173912525177, 0.5652173757553101, 0.52173912525177, 0.3478260934352875, 0.3478260934352875, 0.52173912525177, 0.5652173757553101, 0.695652186870575, 0.695652186870575, 0.52173912525177, 0.43478259444236755, 0.43478259444236755, 0.47826087474823, 0.5652173757553101, 0.47826087474823, 0.5652173757553101, 0.5652173757553101, 0.5652173757553101, 0.6086956262588501, 0.6086956262588501, 0.6086956262588501, 0.6086956262588501, 0.6086956262588501, 0.6086956262588501, 0.52173912525177, 0.5652173757553101, 0.6086956262588501, 0.6521739363670349, 0.5652173757553101, 0.6521739363670349, 0.6521739363670349, 0.6521739363670349, 0.6521739363670349, 0.6521739363670349, 0.6521739363670349, 0.6086956262588501, 0.695652186870575, 0.695652186870575, 0.6521739363670349, 0.6086956262588501, 0.6086956262588501, 0.6521739363670349, 0.6521739363670349, 0.695652186870575, 0.6521739363670349, 0.6521739363670349, 0.695652186870575, 0.6521739363670349, 0.695652186870575, 0.695652186870575]}